{"is_correct_0":0.2352941176,"is_correct_1":0.3778966132,"is_correct_2":0.4795008913,"is_correct_3":0.5579322638,"is_correct_4":0.6007130125,"is_procedure":0.6916221034}